time,vet1
0,0
1,0
2,0
3,0
4,0
5,2.31985
6,0
7,0
8,0
9,0
10,0
11,0
17,0
18,0
19,0
21,0
22,0
23,0
24,0
26,3.10952
27,0
