time,vet1
0,2.72409
1,0
2,0
7,0
9,0
10,2.71552
11,0
12,0
