time,vet1
0,0
1,0
2,0
3,0
4,3.35963
5,3.95456
6,4.17408
7,3.3819
8,3.86723
9,3.02781
10,3.80259
11,3.52522
12,3.95479
13,2.4679
