time,vet1
0,0
1,0
2,0
3,0
4,0
5,0
6,0
7,0
8,2.46746
9,3.33325
10,2.21685
11,2.55879
12,2.78803
13,2.71337
