time,vet1
0,0
1,2.79683
2,0
3,2.29639
4,2.17641
5,0
