time,vet1
0,0
1,0
2,0
3,2.44633
4,0
5,0
6,0
17,0
18,3.04684
19,0
20,0
21,0
22,0
23,0
24,2.82497
25,2.6199
26,0
27,0
28,0
