time,vet1
0,3.28867
1,3.29554
2,4.94647
3,3.82751
4,3.37425
5,4.59312
6,3.30896
8,2.70466
9,0
10,2.73461
11,2.88239
12,2.95698
13,0
