time,vet1
0,4.70803
1,2.98872
2,3.08597
3,3.69325
4,2.96814
5,3.26066
6,3.32727
7,4.10612
8,3.84893
9,0
10,2.99676
11,3.54386
12,0
13,0
