time,vet1
0,0
1,0
2,0
3,0
4,0
5,0
6,0
7,0
8,0
9,0
10,0
11,0
12,0
13,0
14,0
15,0
16,0
17,0
18,0
19,0
20,0
22,3.53315
23,0
24,3.08446
25,4.627
26,3.74524
27,4.62416
