time,vet1
0,5.64689
1,5.05423
5,5.66203
6,4.8971
7,4.97691
8,5.02374
9,5.56706
10,4.8707
11,5.72501
12,5.68296
13,5.19126
