time,vet1
0,4.00857
1,2.54916
2,3.76901
3,4.8501
4,3.33169
5,4.19267
6,4.14853
