time,vet1
0,0
1,0
2,0
3,0
4,0
5,0
6,0
16,0
17,2.72779
18,2.65939
19,0
20,2.9253
21,2.71608
